DATE,USDONTD156N
2015/9/23,0.136
2015/9/24,0.136
2015/9/25,0.1345
2015/9/28,0.1345
2015/9/29,0.1335
2015/9/30,0.1162
2015/10/1,0.1325
2015/10/2,0.1325
2015/10/5,0.1325
2015/10/6,0.132
2015/10/7,0.1315
2015/10/8,0.131
2015/10/9,0.132
2015/10/12,.
2015/10/13,0.132
2015/10/14,0.132
2015/10/15,0.1325
2015/10/16,0.132
2015/10/19,0.1315
2015/10/20,0.132
2015/10/21,0.132
2015/10/22,0.132
2015/10/23,0.1315
2015/10/26,0.1315
2015/10/27,0.1315
2015/10/28,0.132
2015/10/29,0.132
2015/10/30,0.1248
2015/11/2,0.131
2015/11/3,0.131
2015/11/4,0.131
2015/11/5,0.131
2015/11/6,0.131
2015/11/9,0.131
2015/11/10,0.131
2015/11/11,.
2015/11/12,0.1305
2015/11/13,0.131
2015/11/16,0.131
2015/11/17,0.131
2015/11/18,0.131
2015/11/19,0.13
2015/11/20,0.131
2015/11/23,0.1305
2015/11/24,0.1305
2015/11/25,0.1305
2015/11/26,.
2015/11/27,0.1305
2015/11/30,0.128
2015/12/1,0.1305
2015/12/2,0.1305
2015/12/3,0.1305
2015/12/4,0.1305
2015/12/7,0.13
2015/12/8,0.1295
2015/12/9,0.1295
2015/12/10,0.1315
2015/12/11,0.1335
2015/12/14,0.135
2015/12/15,0.1355
2015/12/16,0.1518
2015/12/17,0.3614
2015/12/18,0.3658
2015/12/21,0.3672
2015/12/22,0.3674
2015/12/23,0.3673
2015/12/24,0.3671
2015/12/25,.
2015/12/28,.
2015/12/29,0.366
2015/12/30,0.3661
2015/12/31,0.2745
2016/1/1,.
2016/1/4,0.3658
2016/1/5,0.365
2016/1/6,0.3661
2016/1/7,0.3651
2016/1/8,0.3662
2016/1/11,0.3661
2016/1/12,0.3661
2016/1/13,0.3663
2016/1/14,0.3661
2016/1/15,0.3661
2016/1/18,.
2016/1/19,0.366
2016/1/20,0.3655
2016/1/21,0.3658
2016/1/22,0.3659
2016/1/25,0.366
2016/1/26,0.3657
2016/1/27,0.3659
2016/1/28,0.3684
2016/1/29,0.3674
2016/2/1,0.366
2016/2/2,0.369
2016/2/3,0.3686
2016/2/4,0.3704
2016/2/5,0.37
2016/2/8,0.3763
2016/2/9,0.3771
2016/2/10,0.3731
2016/2/11,0.3715
2016/2/12,0.3708
2016/2/15,.
2016/2/16,0.371
2016/2/17,0.37
2016/2/18,0.3714
2016/2/19,0.3709
2016/2/22,0.371
2016/2/23,0.371
2016/2/24,0.3715
2016/2/25,0.3743
2016/2/26,0.3745
2016/2/29,0.3715
2016/3/1,0.3679
2016/3/2,0.3715
2016/3/3,0.373
2016/3/4,0.372
2016/3/7,0.372
2016/3/8,0.372
2016/3/9,0.372
2016/3/10,0.3725
2016/3/11,0.3725
2016/3/14,0.3743
2016/3/15,0.3753
2016/3/16,0.3743
2016/3/17,0.3748
2016/3/18,0.3743
2016/3/21,0.3743
2016/3/22,0.3743
2016/3/23,0.3753
2016/3/24,0.3745
2016/3/25,.
2016/3/28,.
2016/3/29,0.3755
2016/3/30,0.3772
2016/3/31,0.3831
2016/4/1,0.3791
2016/4/4,0.3794
2016/4/5,0.3777
2016/4/6,0.3782
2016/4/7,0.3782
2016/4/8,0.3775
2016/4/11,0.3792
2016/4/12,0.3792
2016/4/13,0.3802
2016/4/14,0.3797
2016/4/15,0.3807
2016/4/18,0.3812
2016/4/19,0.3827
2016/4/20,0.3822
2016/4/21,0.3817
2016/4/22,0.3812
2016/4/25,0.3812
2016/4/26,0.3807
2016/4/27,0.3802
2016/4/28,0.3827
2016/4/29,0.3837
2016/5/2,.
2016/5/3,0.3857
2016/5/4,0.3858
2016/5/5,0.385
2016/5/6,0.385
2016/5/9,0.385
2016/5/10,0.3845
2016/5/11,0.385
2016/5/12,0.385
2016/5/13,0.3855
2016/5/16,0.3855
2016/5/17,0.386
2016/5/18,0.385
2016/5/19,0.384
2016/5/20,0.3845
2016/5/23,0.385
2016/5/24,0.385
2016/5/25,0.3861
2016/5/26,0.3861
2016/5/27,0.385
2016/5/30,.
2016/5/31,0.3865
2016/6/1,0.3855
2016/6/2,0.3855
2016/6/3,0.3861
2016/6/6,0.3861
2016/6/7,0.3865
2016/6/8,0.3876
2016/6/9,0.3856
2016/6/10,0.3861
2016/6/13,0.3855
2016/6/14,0.3855
2016/6/15,0.385
2016/6/16,0.3855
2016/6/17,0.3865
2016/6/20,0.3901
2016/6/21,0.3901
2016/6/22,0.3896
2016/6/23,0.3911
2016/6/24,0.3934
2016/6/27,0.4001
2016/6/28,0.4016
2016/6/29,0.4051
2016/6/30,0.4116
2016/7/1,0.4061
2016/7/4,.
2016/7/5,0.4096
2016/7/6,0.4112
2016/7/7,0.4127
2016/7/8,0.4122
2016/7/11,0.4137
2016/7/12,0.4122
2016/7/13,0.4127
2016/7/14,0.4122
2016/7/15,0.4152
2016/7/18,0.4159
2016/7/19,0.4159
2016/7/20,0.4174
2016/7/21,0.4179
2016/7/22,0.4179
2016/7/25,0.4179
2016/7/26,0.4179
2016/7/27,0.4164
2016/7/28,0.4159
2016/7/29,0.4129
2016/8/1,0.4144
2016/8/2,0.4179
2016/8/3,0.4174
2016/8/4,0.4179
2016/8/5,0.4189
2016/8/8,0.4189
2016/8/9,0.4188
2016/8/10,0.4197
2016/8/11,0.4202
2016/8/12,0.4191
2016/8/15,0.41889
2016/8/16,0.41778
2016/8/17,0.41722
2016/8/18,0.41722
2016/8/19,0.41556
2016/8/22,0.41667
2016/8/23,0.41778
2016/8/24,0.41833
2016/8/25,0.41989
2016/8/26,0.41833
2016/8/29,.
2016/8/30,0.41944
2016/8/31,0.41944
2016/9/1,0.41611
2016/9/2,0.42044
2016/9/5,.
2016/9/6,0.42044
2016/9/7,0.42156
2016/9/8,0.42211
2016/9/9,0.42156
2016/9/12,0.421
2016/9/13,0.421
2016/9/14,0.42211
2016/9/15,0.42156
2016/9/16,0.42044
2016/9/19,0.42156
2016/9/20,0.42211
2016/9/21,0.42211
2016/9/22,0.42322
2016/9/23,0.42322
2016/9/26,0.42433
2016/9/27,0.42544
2016/9/28,0.42063
2016/9/29,0.41989
2016/9/30,0.42378
2016/10/3,0.42267
2016/10/4,0.42433
2016/10/5,0.42822
2016/10/6,0.42878
2016/10/7,0.42656
2016/10/10,.
2016/10/11,0.42767
2016/10/12,0.42878
2016/10/13,0.431
2016/10/14,0.43044
2016/10/17,0.43322
2016/10/18,0.43322
2016/10/19,0.43378
2016/10/20,0.43322
2016/10/21,0.43322
2016/10/24,0.43211
2016/10/25,0.43433
2016/10/26,0.43433
2016/10/27,0.43489
2016/10/28,0.43544
2016/10/31,0.43344
2016/11/1,0.43456
2016/11/2,0.43733
2016/11/3,0.43678
2016/11/4,0.43511
2016/11/7,0.43456
2016/11/8,0.434
2016/11/9,0.43233
2016/11/10,0.43233
2016/11/11,.
2016/11/14,0.43344
2016/11/15,0.43289
2016/11/16,0.43289
2016/11/17,0.43456
2016/11/18,0.43367
2016/11/21,0.43367
2016/11/22,0.43367
2016/11/23,0.43422
2016/11/24,.
2016/11/25,0.43478
2016/11/28,0.43422
2016/11/29,0.43422
2016/11/30,0.43056
2016/12/1,0.43422
2016/12/2,0.43478
2016/12/5,0.43478
2016/12/6,0.43422
2016/12/7,0.43367
2016/12/8,0.43311
2016/12/9,0.43422
2016/12/12,0.437
2016/12/13,0.437
2016/12/14,0.43867
2016/12/15,0.67889
2016/12/16,0.68389
2016/12/19,0.68111
2016/12/20,0.68378
2016/12/21,0.686
2016/12/22,0.68656
2016/12/23,0.69378
2016/12/26,.
2016/12/27,.
2016/12/28,0.68656
2016/12/29,0.68822
2016/12/30,0.69211
2017/1/2,.
2017/1/3,0.69544
2017/1/4,0.69044
2017/1/5,0.69222
2017/1/6,0.691
2017/1/9,0.693
2017/1/10,0.69333
2017/1/11,0.69278
2017/1/12,0.69278
2017/1/13,0.69278
2017/1/16,.
2017/1/17,0.69
2017/1/18,0.68944
2017/1/19,0.69
2017/1/20,0.68833
2017/1/23,0.68889
2017/1/24,0.68833
2017/1/25,0.68833
2017/1/26,0.68722
2017/1/27,0.69
2017/1/30,0.69167
2017/1/31,0.69
2017/2/1,0.69111
2017/2/2,0.68833
2017/2/3,0.69278
2017/2/6,0.68833
2017/2/7,0.68778
2017/2/8,0.68667
2017/2/9,0.68667
2017/2/10,0.68778
2017/2/13,0.68722
2017/2/14,0.68722
2017/2/15,0.68556
2017/2/16,0.68611
2017/2/17,0.68611
2017/2/20,.
2017/2/21,0.68611
2017/2/22,0.68333
2017/2/23,0.68333
2017/2/24,0.68278
2017/2/27,0.68333
2017/2/28,0.68056
2017/3/1,0.68167
2017/3/2,0.68278
2017/3/3,0.68278
2017/3/6,0.68278
2017/3/7,0.68278
2017/3/8,0.68211
2017/3/9,0.68211
2017/3/10,0.68189
2017/3/13,0.68278
2017/3/14,0.68689
2017/3/15,0.68667
2017/3/16,0.92578
2017/3/17,0.92422
2017/3/20,0.92644
2017/3/21,0.92533
2017/3/22,0.92667
2017/3/23,0.92611
2017/3/24,0.92667
2017/3/27,0.92444
2017/3/28,0.925
2017/3/29,0.92556
2017/3/30,0.92667
2017/3/31,0.92167
2017/4/3,0.92722
2017/4/4,0.93
2017/4/5,0.93111
2017/4/6,0.93
2017/4/7,0.93056
2017/4/10,0.92722
2017/4/11,0.92722
2017/4/12,0.92778
2017/4/13,0.92611
2017/4/14,.
2017/4/17,.
2017/4/18,0.93
2017/4/19,0.93
2017/4/20,0.92944
2017/4/21,0.92944
2017/4/24,0.92667
2017/4/25,0.92833
2017/4/26,0.93028
2017/4/27,0.93056
2017/4/28,0.92944
2017/5/1,.
2017/5/2,0.92667
2017/5/3,0.92722
2017/5/4,0.92778
2017/5/5,0.92778
2017/5/8,0.92778
2017/5/9,0.92722
2017/5/10,0.92833
2017/5/11,0.92833
2017/5/12,0.92833
2017/5/15,0.92889
2017/5/16,0.92833
2017/5/17,0.92833
2017/5/18,0.92778
2017/5/19,0.92889
2017/5/22,0.92889
2017/5/23,0.93056
2017/5/24,0.93056
2017/5/25,0.93
2017/5/26,0.93
2017/5/29,.
2017/5/30,0.93111
2017/5/31,0.92889
2017/6/1,0.93111
2017/6/2,0.93111
2017/6/5,0.93111
2017/6/6,0.93056
2017/6/7,0.93111
2017/6/8,0.93056
2017/6/9,0.93111
2017/6/12,0.93111
2017/6/13,0.93111
2017/6/14,0.93111
2017/6/15,1.175
2017/6/16,1.17722
2017/6/19,1.17667
2017/6/20,1.17611
2017/6/21,1.17722
2017/6/22,1.17722
2017/6/23,1.17667
2017/6/26,1.17611
2017/6/27,1.17611
2017/6/28,1.17667
2017/6/29,1.17333
2017/6/30,1.16167
2017/7/3,1.17167
2017/7/4,.
2017/7/5,1.17389
2017/7/6,1.17389
2017/7/7,1.17389
2017/7/10,1.17444
2017/7/11,1.17722
2017/7/12,1.17833
2017/7/13,1.17833
2017/7/14,1.17722
2017/7/17,1.17778
2017/7/18,1.17722
2017/7/19,1.17889
2017/7/20,1.17889
2017/7/21,1.17889
2017/7/24,1.17889
2017/7/25,1.18
2017/7/26,1.17778
2017/7/27,1.17722
2017/7/28,1.17833
2017/7/31,1.17611
2017/8/1,1.17556
2017/8/2,1.17722
2017/8/3,1.17722
2017/8/4,1.17778
2017/8/7,1.17722
2017/8/8,1.17778
2017/8/9,1.17778
2017/8/10,1.17778
2017/8/11,1.17778
2017/8/14,1.17778
2017/8/15,1.17778
2017/8/16,1.17889
2017/8/17,1.17778
2017/8/18,1.17722
2017/8/21,1.17778
2017/8/22,1.17778
2017/8/23,1.17778
2017/8/24,1.17778
2017/8/25,1.17778
2017/8/28,.
2017/8/29,1.17833
2017/8/30,1.17778
2017/8/31,1.17556
2017/9/1,1.17722
2017/9/4,.
2017/9/5,1.17778
2017/9/6,1.17611
2017/9/7,1.17611
2017/9/8,1.17722
2017/9/11,1.17778
2017/9/12,1.17778
2017/9/13,1.17722
2017/9/14,1.17889
2017/9/15,1.17889
2017/9/18,1.17889
2017/9/19,1.17889
2017/9/20,1.17889
2017/9/21,1.17889
2017/9/22,1.17889
2017/9/25,1.17833
2017/9/26,1.17833
2017/9/27,1.18
2017/9/28,1.18111
2017/9/29,1.18167
2017/10/2,1.18
2017/10/3,1.18056
2017/10/4,1.18222
2017/10/5,1.18222
2017/10/6,1.18222
2017/10/9,.
2017/10/10,1.18167
2017/10/11,1.18333
2017/10/12,1.18444
2017/10/13,1.18444
2017/10/16,1.18444
2017/10/17,1.18444
2017/10/18,1.18444
2017/10/19,1.185
2017/10/20,1.18444
2017/10/23,1.18444
2017/10/24,1.18444
2017/10/25,1.18444
2017/10/26,1.18444
2017/10/27,1.18444
2017/10/30,1.185
2017/10/31,1.18222
2017/11/1,1.18222
2017/11/2,1.18389
2017/11/3,1.18444
2017/11/6,1.18389
2017/11/7,1.18389
2017/11/8,1.18333
2017/11/9,1.18333
2017/11/10,1.18333
2017/11/13,1.18278
2017/11/14,1.18278
2017/11/15,1.18278
2017/11/16,1.18278
2017/11/17,1.18278
2017/11/20,1.18278
2017/11/21,1.18278
2017/11/22,1.18278
2017/11/23,.
2017/11/24,1.18375
2017/11/27,1.18375
2017/11/28,1.185
2017/11/29,1.18625
2017/11/30,1.18
2017/12/1,1.1825
2017/12/4,1.1825
2017/12/5,1.1825
2017/12/6,1.1825
2017/12/7,1.1825
2017/12/8,1.1825
2017/12/11,1.1825
2017/12/12,1.1825
2017/12/13,1.1825
2017/12/14,1.4275
2017/12/15,1.43313
2017/12/18,1.43313
2017/12/19,1.43313
2017/12/20,1.43438
2017/12/21,1.43438
2017/12/22,1.43438
2017/12/25,.
2017/12/26,.
2017/12/27,1.435
2017/12/28,1.4375
2017/12/29,1.42875
2018/1/1,.
2018/1/2,1.4375
2018/1/3,1.43875
2018/1/4,1.4375
2018/1/5,1.4375
2018/1/8,1.4375
2018/1/9,1.4375
2018/1/10,1.43625
2018/1/11,1.4375
2018/1/12,1.4375
2018/1/15,.
2018/1/16,1.43875
2018/1/17,1.4375
2018/1/18,1.4375
2018/1/19,1.4375
2018/1/22,1.4375
2018/1/23,1.4375
2018/1/24,1.4375
2018/1/25,1.43813
2018/1/26,1.43813
2018/1/29,1.43938
2018/1/30,1.43938
2018/1/31,1.43938
2018/2/1,1.44375
2018/2/2,1.44375
2018/2/5,1.43938
2018/2/6,1.43875
2018/2/7,1.43875
2018/2/8,1.43875
2018/2/9,1.44
2018/2/12,1.4425
2018/2/13,1.44375
2018/2/14,1.44375
2018/2/15,1.44375
2018/2/16,1.445
2018/2/19,.
2018/2/20,1.445
2018/2/21,1.445
2018/2/22,1.44438
2018/2/23,1.44813
2018/2/26,1.4475
2018/2/27,1.4475
2018/2/28,1.4425
2018/3/1,1.44625
2018/3/2,1.4475
2018/3/5,1.4475
2018/3/6,1.44688
2018/3/7,1.44688
2018/3/8,1.44688
2018/3/9,1.44688
2018/3/12,1.445
2018/3/13,1.445
2018/3/14,1.445
2018/3/15,1.445
2018/3/16,1.44625
2018/3/19,1.4475
2018/3/20,1.4475
2018/3/21,1.44875
2018/3/22,1.6975
2018/3/23,1.6975
2018/3/26,1.6975
2018/3/27,1.6975
2018/3/28,1.69875
2018/3/29,1.69688
2018/3/30,.
2018/4/2,.
2018/4/3,1.69938
2018/4/4,1.70188
2018/4/5,1.70313
2018/4/6,1.70313
2018/4/9,1.70188
2018/4/10,1.70188
2018/4/11,1.70188
2018/4/12,1.70313
2018/4/13,1.70188
2018/4/16,1.70125
2018/4/17,1.70375
2018/4/18,1.705
2018/4/19,1.70313
2018/4/20,1.70313
2018/4/23,1.70313
2018/4/24,1.70313
2018/4/25,1.70313
2018/4/26,1.70313
2018/4/27,1.70438
2018/4/30,1.70369
2018/5/1,1.70438
2018/5/2,1.70438
2018/5/3,1.70438
2018/5/4,1.70563
2018/5/7,.
2018/5/8,1.705
2018/5/9,1.705
2018/5/10,1.705
2018/5/11,1.70625
2018/5/14,1.705
2018/5/15,1.705
2018/5/16,1.70538
2018/5/17,1.706
2018/5/18,1.70725
2018/5/21,1.706
2018/5/22,1.7085
2018/5/23,1.70788
2018/5/24,1.7085
2018/5/25,1.70725
2018/5/28,.
2018/5/29,1.7085
2018/5/30,1.71163
2018/5/31,1.71163
2018/6/1,1.712
2018/6/4,1.712
2018/6/5,1.712
2018/6/6,1.7135
2018/6/7,1.71438
2018/6/8,1.715
2018/6/11,1.71463
2018/6/12,1.71325
2018/6/13,1.71263
2018/6/14,1.93563
2018/6/15,1.92563
2018/6/18,1.9255
2018/6/19,1.92888
2018/6/20,1.93038
2018/6/21,1.92788
2018/6/22,1.928
2018/6/25,1.93163
2018/6/26,1.935
2018/6/27,1.93375
2018/6/28,1.93325
2018/6/29,1.93538
2018/7/2,1.92975
2018/7/3,1.92813
2018/7/4,.
2018/7/5,1.92813
2018/7/6,1.92563
2018/7/9,1.92588
2018/7/10,1.91925
2018/7/11,1.91825
2018/7/12,1.91763
2018/7/13,1.91763
2018/7/16,1.91263
2018/7/17,1.91825
2018/7/18,1.91325
2018/7/19,1.91225
2018/7/20,1.9135
2018/7/23,1.91838
2018/7/24,1.91413
2018/7/25,1.91488
2018/7/26,1.91725
2018/7/27,1.91163
2018/7/30,1.916
2018/7/31,1.91538
2018/8/1,1.91563
2018/8/2,1.92025
2018/8/3,1.915
2018/8/6,1.92
2018/8/7,1.91338
2018/8/8,1.91625
2018/8/9,1.91625
2018/8/10,1.9125
2018/8/13,1.9125
2018/8/14,1.91325
2018/8/15,1.91375
2018/8/16,1.92
2018/8/17,1.91688
2018/8/20,1.9175
2018/8/21,1.91963
2018/8/22,1.91775
2018/8/23,1.91813
2018/8/24,1.91888
2018/8/27,.
2018/8/28,1.91488
2018/8/29,1.91538
2018/8/30,1.92
2018/8/31,1.91488
2018/9/3,.
2018/9/4,1.91363
2018/9/5,1.91875
2018/9/6,1.91838
2018/9/7,1.91875
2018/9/10,1.91913
2018/9/11,1.91513
2018/9/12,1.919
2018/9/13,1.91988
2018/9/14,1.91513
2018/9/17,1.91463
2018/9/18,1.91888
2018/9/19,1.91863
2018/9/20,1.91738
2018/9/21,1.92088
2018/9/24,1.918
2018/9/25,1.91625
2018/9/26,1.92525
2018/9/27,2.17388
2018/9/28,2.17138
2018/10/1,2.17075
2018/10/2,2.17725
2018/10/3,2.16813
2018/10/4,2.16525
2018/10/5,2.17175
2018/10/8,.
2018/10/9,2.1655
2018/10/10,2.172
2018/10/11,2.17225
2018/10/12,2.16938
2018/10/15,2.17725
2018/10/16,2.17638
2018/10/17,2.176
2018/10/18,2.17025
2018/10/19,2.17113
2018/10/22,2.17063
2018/10/23,2.17388
2018/10/24,2.17513
2018/10/25,2.17425
2018/10/26,2.17675
2018/10/29,2.17888
2018/10/30,2.18
2018/10/31,2.173
2018/11/1,2.17538
2018/11/2,2.17463
2018/11/5,2.17525
2018/11/6,2.17663
2018/11/7,2.17725
2018/11/8,2.17988
2018/11/9,2.175
2018/11/12,.
2018/11/13,2.17788
2018/11/14,2.17575
2018/11/15,2.17938
2018/11/16,2.17538
2018/11/19,2.18075
2018/11/20,2.17288
2018/11/21,2.1805
2018/11/22,.
2018/11/23,2.177
2018/11/26,2.183
2018/11/27,2.1785
2018/11/28,2.1825
2018/11/29,2.18275
2018/11/30,2.1775
2018/12/3,2.18188
2018/12/4,2.17613
2018/12/5,2.17188
2018/12/6,2.18238
2018/12/7,2.18088
2018/12/10,2.182
2018/12/11,2.18213
2018/12/12,2.18475
2018/12/13,2.18438
2018/12/14,2.18475
2018/12/17,2.18125
2018/12/18,2.18025
2018/12/19,2.18175
2018/12/20,2.38788
2018/12/21,2.39163
2018/12/24,2.38988
2018/12/25,.
2018/12/26,.
2018/12/27,2.391
2018/12/28,2.39238
2018/12/31,2.37825
2019/1/1,.
2019/1/2,2.38675
2019/1/3,2.39188
2019/1/4,2.394
2019/1/7,2.39275
2019/1/8,2.39125
2019/1/9,2.39075
2019/1/10,2.39413
2019/1/11,2.38938
2019/1/14,2.39013
2019/1/15,2.38675
2019/1/16,2.38488
2019/1/17,2.38463
2019/1/18,2.38388
2019/1/21,.
2019/1/22,2.37563
2019/1/23,2.38413
2019/1/24,2.3845
2019/1/25,2.38475
2019/1/28,2.38488
2019/1/29,2.38438
2019/1/30,2.38388
2019/1/31,2.3835
2019/2/1,2.374
2019/2/4,2.38413
2019/2/5,2.38238
2019/2/6,2.38325
2019/2/7,2.38313
2019/2/8,2.38575
2019/2/11,2.38625
2019/2/12,2.3835
2019/2/13,2.38438
2019/2/14,2.38275
2019/2/15,2.387
2019/2/18,.
2019/2/19,2.378
2019/2/20,2.38463
2019/2/21,2.3825
2019/2/22,2.38788
2019/2/25,2.38863
2019/2/26,2.38863
2019/2/27,2.38825
2019/2/28,2.38275
2019/3/1,2.38488
2019/3/4,2.38238
2019/3/5,2.39063
2019/3/6,2.39063
2019/3/7,2.38975
2019/3/8,2.38688
2019/3/11,2.39025
2019/3/12,2.39038
2019/3/13,2.39013
2019/3/14,2.39038
2019/3/15,2.39038
2019/3/18,2.38963
2019/3/19,2.39013
2019/3/20,2.38625
2019/3/21,2.38725
2019/3/22,2.389
2019/3/25,2.38938
2019/3/26,2.39388
2019/3/27,2.39213
2019/3/28,2.39275
2019/3/29,2.382
2019/4/1,2.38813
2019/4/2,2.38025
2019/4/3,2.38613
2019/4/4,2.39413
2019/4/5,2.39375
2019/4/8,2.39175
2019/4/9,2.393
2019/4/10,2.3885
2019/4/11,2.3885
2019/4/12,2.39225
2019/4/15,2.39263
2019/4/16,2.38913
2019/4/17,2.38563
2019/4/18,2.39113
2019/4/19,.
2019/4/22,.
2019/4/23,2.40275
2019/4/24,2.39413
2019/4/25,2.39938
2019/4/26,2.4
2019/4/29,2.38975
2019/4/30,2.37913
2019/5/1,2.39188
2019/5/2,2.37313
2019/5/3,2.37788
2019/5/6,.
2019/5/7,2.36313
2019/5/8,2.36275
2019/5/9,2.35888
2019/5/10,2.35638
2019/5/13,2.34513
2019/5/14,2.34338
2019/5/15,2.34913
2019/5/16,2.35938
2019/5/17,2.35575
2019/5/20,2.35938
2019/5/21,2.35538
2019/5/22,2.3545
2019/5/23,2.35625
2019/5/24,2.3565
2019/5/27,.
2019/5/28,2.35388
2019/5/29,2.356
2019/5/30,2.35775
2019/5/31,2.3545
2019/6/3,2.36075
2019/6/4,2.36
2019/6/5,2.34538
2019/6/6,2.346
2019/6/7,2.35175
2019/6/10,2.345
2019/6/11,2.35088
2019/6/12,2.35038
2019/6/13,2.3505
2019/6/14,2.34663
2019/6/17,2.34438
2019/6/18,2.3495
2019/6/19,2.34088
2019/6/20,2.3415
2019/6/21,2.3475
2019/6/24,2.34925
2019/6/25,2.34475
2019/6/26,2.354
2019/6/27,2.35488
2019/6/28,2.37038
2019/7/1,2.35975
2019/7/2,2.35138
2019/7/3,2.35638
2019/7/4,.
2019/7/5,2.34825
2019/7/8,2.35688
2019/7/9,2.35013
2019/7/10,2.35475
2019/7/11,2.359
2019/7/12,2.35913
2019/7/15,2.35713
2019/7/16,2.35663
2019/7/17,2.36275
2019/7/18,2.36063
2019/7/19,2.362
2019/7/22,2.35963
2019/7/23,2.35375
2019/7/24,2.35225
2019/7/25,2.349
2019/7/26,2.35038
2019/7/29,2.34863
2019/7/30,2.347
2019/7/31,2.35163
2019/8/1,2.11225
2019/8/2,2.10425
2019/8/5,2.10513
2019/8/6,2.09713
2019/8/7,2.09938
2019/8/8,2.09525
2019/8/9,2.09538
2019/8/12,2.10275
2019/8/13,2.09825
2019/8/14,2.09213
2019/8/15,2.09588
2019/8/16,2.0985
2019/8/19,2.09538
2019/8/20,2.097
2019/8/21,2.093
2019/8/22,2.09363
2019/8/23,2.08838
2019/8/26,.
2019/8/27,2.09575
2019/8/28,2.08663
2019/8/29,2.095
2019/8/30,2.08963
2019/9/2,.
2019/9/3,2.09063
2019/9/4,2.09125
2019/9/5,2.09763
2019/9/6,2.09475
2019/9/9,2.09388
2019/9/10,2.0925
2019/9/11,2.0945
2019/9/12,2.08825
2019/9/13,2.09475
2019/9/16,2.11163
2019/9/17,2.15488
2019/9/18,2.18525
2019/9/19,1.96213
2019/9/20,1.8685
2019/9/23,1.8475
2019/9/24,1.842
2019/9/25,1.84075
2019/9/26,1.82988
2019/9/27,1.82713
2019/9/30,1.8215
2019/10/1,1.82613
2019/10/2,1.85125
2019/10/3,1.82238
2019/10/4,1.82075
2019/10/7,1.80825
2019/10/8,1.8055
2019/10/9,1.79
2019/10/10,1.79263
2019/10/11,1.79888
2019/10/14,.
2019/10/15,1.79513
2019/10/16,1.82575
2019/10/17,1.83813
2019/10/18,1.81513
2019/10/21,1.81113
2019/10/22,1.81288
2019/10/23,1.814
2019/10/24,1.80275
2019/10/25,1.806
2019/10/28,1.80163
2019/10/29,1.801
2019/10/30,1.80438
2019/10/31,1.59988
2019/11/1,1.59213
2019/11/4,1.55088
2019/11/5,1.54713
2019/11/6,1.5365
2019/11/7,1.54363
2019/11/8,1.53863
2019/11/11,.
2019/11/12,1.53925
2019/11/13,1.539
2019/11/14,1.527
2019/11/15,1.53675
2019/11/18,1.53538
2019/11/19,1.53688
2019/11/20,1.529
2019/11/21,1.54138
2019/11/22,1.53388
2019/11/25,1.53613
2019/11/26,1.538
2019/11/27,1.53963
2019/11/28,.
2019/11/29,1.5425
2019/12/2,1.54063
2019/12/3,1.5385
2019/12/4,1.5295
2019/12/5,1.52938
2019/12/6,1.52913
2019/12/9,1.53663
2019/12/10,1.529
2019/12/11,1.52538
2019/12/12,1.53375
2019/12/13,1.52988
2019/12/16,1.53063
2019/12/17,1.53563
2019/12/18,1.5335
2019/12/19,1.534
2019/12/20,1.53663
2019/12/23,1.5345
2019/12/24,1.53313
2019/12/25,.
2019/12/26,.
2019/12/27,1.53625
2019/12/30,1.53438
2019/12/31,1.54263
2020/1/1,.
2020/1/2,1.5405
2020/1/3,1.53675
2020/1/6,1.537
2020/1/7,1.52788
2020/1/8,1.5325
2020/1/9,1.527
2020/1/10,1.53313
2020/1/13,1.53513
2020/1/14,1.53125
2020/1/15,1.52838
2020/1/16,1.53563
2020/1/17,1.53113
2020/1/20,.
2020/1/21,1.53925
2020/1/22,1.53263
2020/1/23,1.53163
2020/1/24,1.53188
2020/1/27,1.53175
2020/1/28,1.533
2020/1/29,1.52963
2020/1/30,1.54388
2020/1/31,1.56875
2020/2/3,1.568
2020/2/4,1.5655
2020/2/5,1.57513
2020/2/6,1.572
2020/2/7,1.57738
2020/2/10,1.57463
2020/2/11,1.57125
2020/2/12,1.57413
2020/2/13,1.57338
2020/2/14,1.57613
2020/2/17,.
2020/2/18,1.56338
2020/2/19,1.57688
2020/2/20,1.56713
2020/2/21,1.57025
2020/2/24,1.5755
2020/2/25,1.569
2020/2/26,1.5715
2020/2/27,1.574
2020/2/28,1.56775
2020/3/2,1.57463
2020/3/3,1.57563
2020/3/4,1.08775
2020/3/5,1.08213
2020/3/6,1.07975
2020/3/9,1.08113
2020/3/10,1.082
2020/3/11,1.084
2020/3/12,1.08663
2020/3/13,1.08488
2020/3/16,0.23925
2020/3/17,0.25813
2020/3/18,0.37988
2020/3/19,0.29825
2020/3/20,0.21188
2020/3/23,0.2065
2020/3/24,0.17813
2020/3/25,0.20125
2020/3/26,0.14988
2020/3/27,0.13625
2020/3/30,0.12088
2020/3/31,0.119
2020/4/1,0.10875
2020/4/2,0.08588
2020/4/3,0.07663
2020/4/6,0.0745
2020/4/7,0.077
2020/4/8,0.07188
2020/4/9,0.06775
2020/4/10,.
2020/4/13,.
2020/4/14,0.07163
2020/4/15,0.06613
2020/4/16,0.067
2020/4/17,0.067
2020/4/20,0.06463
2020/4/21,0.06313
2020/4/22,0.0635
2020/4/23,0.05825
2020/4/24,0.05675
2020/4/27,0.056
2020/4/28,0.05075
2020/4/29,0.05488
2020/4/30,0.0605
2020/5/1,0.05838
2020/5/4,0.05725
2020/5/5,0.05775
2020/5/6,0.0625
2020/5/7,0.061
2020/5/8,.
2020/5/11,0.06163
2020/5/12,0.06063
2020/5/13,0.061
2020/5/14,0.0615
2020/5/15,0.062
2020/5/18,0.05975
2020/5/19,0.06038
2020/5/20,0.06238
2020/5/21,0.06113
2020/5/22,0.06075
2020/5/25,.
2020/5/26,0.06025
2020/5/27,0.06163
2020/5/28,0.063
2020/5/29,0.0615
2020/6/1,0.062
2020/6/2,0.065
2020/6/3,0.06188
2020/6/4,0.05975
2020/6/5,0.0625
2020/6/8,0.06075
2020/6/9,0.063
2020/6/10,0.06325
2020/6/11,0.0655
2020/6/12,0.06613
2020/6/15,0.06975
2020/6/16,0.07163
2020/6/17,0.0755
2020/6/18,0.07638
2020/6/19,0.07525
2020/6/22,0.06988
2020/6/23,0.07113
2020/6/24,0.07425
2020/6/25,0.07563
2020/6/26,0.07113
2020/6/29,0.08175
2020/6/30,0.08088
2020/7/1,0.07663
2020/7/2,0.08288
2020/7/3,0.08288
2020/7/6,0.08288
2020/7/7,0.083
2020/7/8,0.08288
2020/7/9,0.08175
2020/7/10,0.08138
2020/7/13,0.082
2020/7/14,0.0775
2020/7/15,0.08425
2020/7/16,0.08675
2020/7/17,0.08563
2020/7/20,0.0855
2020/7/21,0.08525
2020/7/22,0.08588
2020/7/23,0.08563
2020/7/24,0.08488
2020/7/27,0.08513
2020/7/28,0.08475
2020/7/29,0.08413
2020/7/30,0.085
2020/7/31,0.08725
2020/8/3,0.08425
2020/8/4,0.089
2020/8/5,0.08338
2020/8/6,0.08575
2020/8/7,0.08513
2020/8/10,0.086
2020/8/11,0.08525
2020/8/12,0.08538
2020/8/13,0.08488
2020/8/14,0.0855
2020/8/17,0.08475
2020/8/18,0.08363
2020/8/19,0.08463
2020/8/20,0.083
2020/8/21,0.08175
2020/8/24,0.08175
2020/8/25,0.08138
2020/8/26,0.08175
2020/8/27,0.082
2020/8/28,0.08088
2020/8/31,.
2020/9/1,0.08125
2020/9/2,0.0825
2020/9/3,0.08238
2020/9/4,0.08163
2020/9/7,.
2020/9/8,0.07938
2020/9/9,0.08213
2020/9/10,0.08413
2020/9/11,0.083
2020/9/14,0.08388
2020/9/15,0.08325
2020/9/16,0.0825
2020/9/17,0.08225
2020/9/18,0.08313
2020/9/21,0.0825
2020/9/22,0.08263
2020/9/23,0.08038
